Workbook

Sheet 贵州茅台
A1: 年份 | B1: 每股收益(扣除)(元) | C1: 净资产收益率(扣非/加权)(%) | D1: 年末收盘价 | E1: 市赚率
A2: 2006年 | B2: 1.63 | C2: 25.37 | D2: 87.83 | E2: =D2/(B2*C2) -> 2.1239036
A3: 2007年 | B3: 3 | C3: 39.33 | D3: 230 | E3: =D3/(B3*C3) -> 1.9493177
A4: 2008年 | B4: 4.03 | C4: 39.04 | D4: 108.7 | E4: =D4/(B4*C4) -> 0.6908992
A5: 2009年 | B5: 4.15 | C5: 33.51 | D5: 169.82 | E5: =D5/(B5*C5) -> 1.2211424
A6: 2010年 | B6: 4.86 | C6: 30.91 | D6: 183.92 | E6: =D6/(B6*C6) -> 1.2243164
A7: 2011年 | B7: 8.44 | C7: 40.4 | D7: 193.3 | E7: =D7/(B7*C7) -> 0.56690207
A8: 2012年 | B8: 11.74 | C8: 45.32 | D8: 209.02 | E8: =D8/(B8*C8) -> 0.39285279
A9: 2013年 | B9: 12.3 | C9: 40.25 | D9: 128.38 | E9: =D9/(B9*C9) -> 0.25931425
A10: 2014年 | B10: 12.36 | C10: 32.32 | D10: 186.62 | E10: =D10/(B10*C10) -> 0.46716292
A11: 2015年 | B11: 12.43 | C11: 26.42 | D11: 218.19 | E11: =D11/(B11*C11) -> 0.66440195
A12: 2016年 | B12: 13.5 | C12: 24.78 | D12: 334.15 | E12: =D12/(B12*C12) -> 0.99886408
A13: 2017年 | B13: 21.67 | C13: 33.13 | D13: 697.49 | E13: =D13/(B13*C13) -> 0.97153318
... A20: 2024年 | B20: 68.65 | C20: 36.03 | D20: 1524 | E20: =D20/(B20*C20) -> 0.61614108

Sheet 山西汾酒
A1: 年份 | B1: 扣非每股收益(元) | C1: 净资产收益率(扣非/加权)(%) | D1: 年末收盘价 | E1: 市赚率
A2: 2006年 | B2: 0.6 | C2: 23.11 | D2: 30.99 | E2: =D2/(B2*C2) -> 2.2349632
A3: 2007年 | B3: 0.784 | C3: 28.45 | D3: 36.8 | E3: =D3/(B3*C3) -> 1.6498691
A4: 2008年 | B4: 0.6255 | C4: 19.72 | D4: 10.85 | E4: =D4/(B4*C4) -> 0.87962085
A5: 2009年 | B5: 0.825 | C5: 23.14 | D5: 42.93 | E5: =D5/(B5*C5) -> 2.2487625
A6: 2010年 | B6: 0.5838 | C6: 28.16 | D6: 68.53 | E6: =D6/(B6*C6) -> 4.1685402
A7: 2011年 | B7: 0.9142 | C7: 34.98 | D7: 63.14 | E7: =D7/(B7*C7) -> 1.9744382
A8: 2012年 | B8: 1.5422 | C8: 44.32 | D8: 41.66 | E8: =D8/(B8*C8) -> 0.60950716
A9: 2013年 | B9: 1.1173 | C9: 25.81 | D9: 19.3 | E9: =D9/(B9*C9) -> 0.66926715
A10: 2014年 | B10: 0.4214 | C10: 9.5 | D10: 22.89 | E10: =D10/(B10*C10) -> 5.7177828
A11: 2015年 | B11: 0.5995 | C11: 12.48 | D11: 19.27 | E11: =D11/(B11*C11) -> 2.5755972
A12: 2016年 | B12: 0.6862 | C12: 13.02 | D12: 25.02 | E12: =D12/(B12*C12) -> 2.8004357
A13: 2017年 | B13: 1.0887 | C13: 19.02 | D13: 56.99 | E13: =D13/(B13*C13) -> 2.7521996
... A20: 2024年 | B20: 10.0377 | C20: 39.69 | D20: 184.21 | E20: =D20/(B20*C20) -> 0.46237878

Sheet 对比
A1: 年份 | B1: 贵州茅台 | C1: 山西汾酒
A2: 2006年 | B2: =贵州茅台!E2 -> 2.1239036 | C2: =山西汾酒!E2 -> 2.2349632
A3: 2007年 | B3: =贵州茅台!E3 -> 1.9493177 | C3: =山西汾酒!E3 -> 1.6498691
A4: 2008年 | B4: =贵州茅台!E4 -> 0.6908992 | C4: =山西汾酒!E4 -> 0.87962085
A5: 2009年 | B5: =贵州茅台!E5 -> 1.2211424 | C5: =山西汾酒!E5 -> 2.2487625
A6: 2010年 | B6: =贵州茅台!E6 -> 1.2243164 | C6: =山西汾酒!E6 -> 4.1685402
A7: 2011年 | B7: =贵州茅台!E7 -> 0.56690207 | C7: =山西汾酒!E7 -> 1.9744382
A8: 2012年 | B8: =贵州茅台!E8 -> 0.39285279 | C8: =山西汾酒!E8 -> 0.60950716
A9: 2013年 | B9: =贵州茅台!E9 -> 0.25931425 | C9: =山西汾酒!E9 -> 0.66926715
A10: 2014年 | B10: =贵州茅台!E10 -> 0.46716292 | C10: =山西汾酒!E10 -> 5.7177828
A11: 2015年 | B11: =贵州茅台!E11 -> 0.66440195 | C11: =山西汾酒!E11 -> 2.5755972
A12: 2016年 | B12: =贵州茅台!E12 -> 0.99886408 | C12: =山西汾酒!E12 -> 2.8004357
A13: 2017年 | B13: =贵州茅台!E13 -> 0.97153318 | C13: =山西汾酒!E13 -> 2.7521996
... A20: 2024年 | B20: =贵州茅台!E20 -> 0.61614108 | C20: =山西汾酒!E20 -> 0.46237878

Sheet 备注
B3: 备注：
B4: 1、扣非每股收益(元)和净资产收益率(扣非/加权)(%) --> 来源choice金融终端
B5: 1、年末价格 --> 除权
